{
    "$schema": "https://raw.githubusercontent.com/NateScarlet/holiday-cn/master/schema.json",
    "$id": "https://raw.githubusercontent.com/NateScarlet/holiday-cn/master/2012.json",
    "year": 2012,
    "papers": [
        "http://www.gov.cn/zhengce/content/2011-12/06/content_1411.htm"
    ],
    "days": [
        {
            "name": "元旦",
            "date": "2011-12-31",
            "isOffDay": false
        },
        {
            "name": "元旦",
            "date": "2012-01-01",
            "isOffDay": true
        },
        {
            "name": "元旦",
            "date": "2012-01-02",
            "isOffDay": true
        },
        {
            "name": "元旦",
            "date": "2012-01-03",
            "isOffDay": true
        },
        {
            "name": "春节",
            "date": "2012-01-21",
            "isOffDay": false
        },
        {
            "name": "春节",
            "date": "2012-01-22",
            "isOffDay": true
        },
        {
            "name": "春节",
            "date": "2012-01-23",
            "isOffDay": true
        },
        {
            "name": "春节",
            "date": "2012-01-24",
            "isOffDay": true
        },
        {
            "name": "春节",
            "date": "2012-01-25",
            "isOffDay": true
        },
        {
            "name": "春节",
            "date": "2012-01-26",
            "isOffDay": true
        },
        {
            "name": "春节",
            "date": "2012-01-27",
            "isOffDay": true
        },
        {
            "name": "春节",
            "date": "2012-01-28",
            "isOffDay": true
        },
        {
            "name": "春节",
            "date": "2012-01-29",
            "isOffDay": false
        },
        {
            "name": "清明节",
            "date": "2012-03-31",
            "isOffDay": false
        },
        {
            "name": "清明节",
            "date": "2012-04-01",
            "isOffDay": false
        },
        {
            "name": "清明节",
            "date": "2012-04-02",
            "isOffDay": true
        },
        {
            "name": "清明节",
            "date": "2012-04-03",
            "isOffDay": true
        },
        {
            "name": "清明节",
            "date": "2012-04-04",
            "isOffDay": true
        },
        {
            "name": "劳动节",
            "date": "2012-04-28",
            "isOffDay": false
        },
        {
            "name": "劳动节",
            "date": "2012-04-29",
            "isOffDay": true
        },
        {
            "name": "劳动节",
            "date": "2012-04-30",
            "isOffDay": true
        },
        {
            "name": "劳动节",
            "date": "2012-05-01",
            "isOffDay": true
        },
        {
            "name": "端午节",
            "date": "2012-06-22",
            "isOffDay": true
        },
        {
            "name": "端午节",
            "date": "2012-06-23",
            "isOffDay": true
        },
        {
            "name": "端午节",
            "date": "2012-06-24",
            "isOffDay": true
        },
        {
            "name": "中秋节、国庆节",
            "date": "2012-09-29",
            "isOffDay": false
        },
        {
            "name": "中秋节、国庆节",
            "date": "2012-09-30",
            "isOffDay": true
        },
        {
            "name": "中秋节、国庆节",
            "date": "2012-10-01",
            "isOffDay": true
        },
        {
            "name": "中秋节、国庆节",
            "date": "2012-10-02",
            "isOffDay": true
        },
        {
            "name": "中秋节、国庆节",
            "date": "2012-10-03",
            "isOffDay": true
        },
        {
            "name": "中秋节、国庆节",
            "date": "2012-10-04",
            "isOffDay": true
        },
        {
            "name": "中秋节、国庆节",
            "date": "2012-10-05",
            "isOffDay": true
        },
        {
            "name": "中秋节、国庆节",
            "date": "2012-10-06",
            "isOffDay": true
        },
        {
            "name": "中秋节、国庆节",
            "date": "2012-10-07",
            "isOffDay": true
        }
    ]
}