{
    "$schema": "https://raw.githubusercontent.com/NateScarlet/holiday-cn/master/schema.json",
    "$id": "https://raw.githubusercontent.com/NateScarlet/holiday-cn/master/2010.json",
    "year": 2010,
    "papers": [
        "http://www.gov.cn/zhengce/content/2009-12/08/content_1476.htm"
    ],
    "days": [
        {
            "name": "元旦",
            "date": "2010-01-01",
            "isOffDay": true
        },
        {
            "name": "元旦",
            "date": "2010-01-02",
            "isOffDay": true
        },
        {
            "name": "元旦",
            "date": "2010-01-03",
            "isOffDay": true
        },
        {
            "name": "春节",
            "date": "2010-02-13",
            "isOffDay": true
        },
        {
            "name": "春节",
            "date": "2010-02-14",
            "isOffDay": true
        },
        {
            "name": "春节",
            "date": "2010-02-15",
            "isOffDay": true
        },
        {
            "name": "春节",
            "date": "2010-02-16",
            "isOffDay": true
        },
        {
            "name": "春节",
            "date": "2010-02-17",
            "isOffDay": true
        },
        {
            "name": "春节",
            "date": "2010-02-18",
            "isOffDay": true
        },
        {
            "name": "春节",
            "date": "2010-02-19",
            "isOffDay": true
        },
        {
            "name": "春节",
            "date": "2010-02-20",
            "isOffDay": false
        },
        {
            "name": "春节",
            "date": "2010-02-21",
            "isOffDay": false
        },
        {
            "name": "清明节",
            "date": "2010-04-03",
            "isOffDay": true
        },
        {
            "name": "清明节",
            "date": "2010-04-04",
            "isOffDay": true
        },
        {
            "name": "清明节",
            "date": "2010-04-05",
            "isOffDay": true
        },
        {
            "name": "劳动节",
            "date": "2010-05-01",
            "isOffDay": true
        },
        {
            "name": "劳动节",
            "date": "2010-05-02",
            "isOffDay": true
        },
        {
            "name": "劳动节",
            "date": "2010-05-03",
            "isOffDay": true
        },
        {
            "name": "端午节",
            "date": "2010-06-12",
            "isOffDay": false
        },
        {
            "name": "端午节",
            "date": "2010-06-13",
            "isOffDay": false
        },
        {
            "name": "端午节",
            "date": "2010-06-14",
            "isOffDay": true
        },
        {
            "name": "端午节",
            "date": "2010-06-15",
            "isOffDay": true
        },
        {
            "name": "端午节",
            "date": "2010-06-16",
            "isOffDay": true
        },
        {
            "name": "中秋节",
            "date": "2010-09-19",
            "isOffDay": false
        },
        {
            "name": "中秋节",
            "date": "2010-09-22",
            "isOffDay": true
        },
        {
            "name": "中秋节",
            "date": "2010-09-23",
            "isOffDay": true
        },
        {
            "name": "中秋节",
            "date": "2010-09-24",
            "isOffDay": true
        },
        {
            "name": "中秋节",
            "date": "2010-09-25",
            "isOffDay": false
        },
        {
            "name": "国庆节",
            "date": "2010-09-26",
            "isOffDay": false
        },
        {
            "name": "国庆节",
            "date": "2010-10-01",
            "isOffDay": true
        },
        {
            "name": "国庆节",
            "date": "2010-10-02",
            "isOffDay": true
        },
        {
            "name": "国庆节",
            "date": "2010-10-03",
            "isOffDay": true
        },
        {
            "name": "国庆节",
            "date": "2010-10-04",
            "isOffDay": true
        },
        {
            "name": "国庆节",
            "date": "2010-10-05",
            "isOffDay": true
        },
        {
            "name": "国庆节",
            "date": "2010-10-06",
            "isOffDay": true
        },
        {
            "name": "国庆节",
            "date": "2010-10-07",
            "isOffDay": true
        },
        {
            "name": "国庆节",
            "date": "2010-10-09",
            "isOffDay": false
        }
    ]
}