{
    "$schema": "https://raw.githubusercontent.com/NateScarlet/holiday-cn/master/schema.json",
    "$id": "https://raw.githubusercontent.com/NateScarlet/holiday-cn/master/2014.json",
    "year": 2014,
    "papers": [
        "http://www.gov.cn/zhengce/content/2014-01/02/content_1194.htm"
    ],
    "days": [
        {
            "name": "元旦",
            "date": "2014-01-01",
            "isOffDay": true
        },
        {
            "name": "春节",
            "date": "2014-01-26",
            "isOffDay": false
        },
        {
            "name": "春节",
            "date": "2014-01-31",
            "isOffDay": true
        },
        {
            "name": "春节",
            "date": "2014-02-01",
            "isOffDay": true
        },
        {
            "name": "春节",
            "date": "2014-02-02",
            "isOffDay": true
        },
        {
            "name": "春节",
            "date": "2014-02-03",
            "isOffDay": true
        },
        {
            "name": "春节",
            "date": "2014-02-04",
            "isOffDay": true
        },
        {
            "name": "春节",
            "date": "2014-02-05",
            "isOffDay": true
        },
        {
            "name": "春节",
            "date": "2014-02-06",
            "isOffDay": true
        },
        {
            "name": "春节",
            "date": "2014-02-08",
            "isOffDay": false
        },
        {
            "name": "清明节",
            "date": "2014-04-05",
            "isOffDay": true
        },
        {
            "name": "清明节",
            "date": "2014-04-07",
            "isOffDay": true
        },
        {
            "name": "劳动节",
            "date": "2014-05-01",
            "isOffDay": true
        },
        {
            "name": "劳动节",
            "date": "2014-05-02",
            "isOffDay": true
        },
        {
            "name": "劳动节",
            "date": "2014-05-03",
            "isOffDay": true
        },
        {
            "name": "劳动节",
            "date": "2014-05-04",
            "isOffDay": false
        },
        {
            "name": "端午节",
            "date": "2014-06-02",
            "isOffDay": true
        },
        {
            "name": "中秋节",
            "date": "2014-09-08",
            "isOffDay": true
        },
        {
            "name": "国庆节",
            "date": "2014-09-28",
            "isOffDay": false
        },
        {
            "name": "国庆节",
            "date": "2014-10-01",
            "isOffDay": true
        },
        {
            "name": "国庆节",
            "date": "2014-10-02",
            "isOffDay": true
        },
        {
            "name": "国庆节",
            "date": "2014-10-03",
            "isOffDay": true
        },
        {
            "name": "国庆节",
            "date": "2014-10-04",
            "isOffDay": true
        },
        {
            "name": "国庆节",
            "date": "2014-10-05",
            "isOffDay": true
        },
        {
            "name": "国庆节",
            "date": "2014-10-06",
            "isOffDay": true
        },
        {
            "name": "国庆节",
            "date": "2014-10-07",
            "isOffDay": true
        },
        {
            "name": "国庆节",
            "date": "2014-10-11",
            "isOffDay": false
        }
    ]
}