{
    "$schema": "https://raw.githubusercontent.com/NateScarlet/holiday-cn/master/schema.json",
    "$id": "https://raw.githubusercontent.com/NateScarlet/holiday-cn/master/2016.json",
    "year": 2016,
    "papers": [
        "http://www.gov.cn/zhengce/content/2015-12/10/content_10394.htm"
    ],
    "days": [
        {
            "name": "元旦",
            "date": "2016-01-01",
            "isOffDay": true
        },
        {
            "name": "春节",
            "date": "2016-02-06",
            "isOffDay": false
        },
        {
            "name": "春节",
            "date": "2016-02-07",
            "isOffDay": true
        },
        {
            "name": "春节",
            "date": "2016-02-08",
            "isOffDay": true
        },
        {
            "name": "春节",
            "date": "2016-02-09",
            "isOffDay": true
        },
        {
            "name": "春节",
            "date": "2016-02-10",
            "isOffDay": true
        },
        {
            "name": "春节",
            "date": "2016-02-11",
            "isOffDay": true
        },
        {
            "name": "春节",
            "date": "2016-02-12",
            "isOffDay": true
        },
        {
            "name": "春节",
            "date": "2016-02-13",
            "isOffDay": true
        },
        {
            "name": "春节",
            "date": "2016-02-14",
            "isOffDay": false
        },
        {
            "name": "清明节",
            "date": "2016-04-04",
            "isOffDay": true
        },
        {
            "name": "劳动节",
            "date": "2016-05-01",
            "isOffDay": true
        },
        {
            "name": "劳动节",
            "date": "2016-05-02",
            "isOffDay": true
        },
        {
            "name": "端午节",
            "date": "2016-06-09",
            "isOffDay": true
        },
        {
            "name": "端午节",
            "date": "2016-06-10",
            "isOffDay": true
        },
        {
            "name": "端午节",
            "date": "2016-06-11",
            "isOffDay": true
        },
        {
            "name": "端午节",
            "date": "2016-06-12",
            "isOffDay": false
        },
        {
            "name": "中秋节",
            "date": "2016-09-15",
            "isOffDay": true
        },
        {
            "name": "中秋节",
            "date": "2016-09-16",
            "isOffDay": true
        },
        {
            "name": "中秋节",
            "date": "2016-09-17",
            "isOffDay": true
        },
        {
            "name": "中秋节",
            "date": "2016-09-18",
            "isOffDay": false
        },
        {
            "name": "国庆节",
            "date": "2016-10-01",
            "isOffDay": true
        },
        {
            "name": "国庆节",
            "date": "2016-10-02",
            "isOffDay": true
        },
        {
            "name": "国庆节",
            "date": "2016-10-03",
            "isOffDay": true
        },
        {
            "name": "国庆节",
            "date": "2016-10-04",
            "isOffDay": true
        },
        {
            "name": "国庆节",
            "date": "2016-10-05",
            "isOffDay": true
        },
        {
            "name": "国庆节",
            "date": "2016-10-06",
            "isOffDay": true
        },
        {
            "name": "国庆节",
            "date": "2016-10-07",
            "isOffDay": true
        },
        {
            "name": "国庆节",
            "date": "2016-10-08",
            "isOffDay": false
        },
        {
            "name": "国庆节",
            "date": "2016-10-09",
            "isOffDay": false
        }
    ]
}