{
    "$schema": "https://raw.githubusercontent.com/NateScarlet/holiday-cn/master/schema.json",
    "$id": "https://raw.githubusercontent.com/NateScarlet/holiday-cn/master/2018.json",
    "year": 2018,
    "papers": [
        "http://www.gov.cn/zhengce/content/2017-11/30/content_5243579.htm"
    ],
    "days": [
        {
            "name": "元旦",
            "date": "2018-01-01",
            "isOffDay": true
        },
        {
            "name": "春节",
            "date": "2018-02-11",
            "isOffDay": false
        },
        {
            "name": "春节",
            "date": "2018-02-15",
            "isOffDay": true
        },
        {
            "name": "春节",
            "date": "2018-02-16",
            "isOffDay": true
        },
        {
            "name": "春节",
            "date": "2018-02-17",
            "isOffDay": true
        },
        {
            "name": "春节",
            "date": "2018-02-18",
            "isOffDay": true
        },
        {
            "name": "春节",
            "date": "2018-02-19",
            "isOffDay": true
        },
        {
            "name": "春节",
            "date": "2018-02-20",
            "isOffDay": true
        },
        {
            "name": "春节",
            "date": "2018-02-21",
            "isOffDay": true
        },
        {
            "name": "春节",
            "date": "2018-02-24",
            "isOffDay": false
        },
        {
            "name": "清明节",
            "date": "2018-04-05",
            "isOffDay": true
        },
        {
            "name": "清明节",
            "date": "2018-04-06",
            "isOffDay": true
        },
        {
            "name": "清明节",
            "date": "2018-04-07",
            "isOffDay": true
        },
        {
            "name": "清明节",
            "date": "2018-04-08",
            "isOffDay": false
        },
        {
            "name": "劳动节",
            "date": "2018-04-28",
            "isOffDay": false
        },
        {
            "name": "劳动节",
            "date": "2018-04-29",
            "isOffDay": true
        },
        {
            "name": "劳动节",
            "date": "2018-04-30",
            "isOffDay": true
        },
        {
            "name": "劳动节",
            "date": "2018-05-01",
            "isOffDay": true
        },
        {
            "name": "端午节",
            "date": "2018-06-18",
            "isOffDay": true
        },
        {
            "name": "中秋节",
            "date": "2018-09-24",
            "isOffDay": true
        },
        {
            "name": "国庆节",
            "date": "2018-09-29",
            "isOffDay": false
        },
        {
            "name": "国庆节",
            "date": "2018-09-30",
            "isOffDay": false
        },
        {
            "name": "国庆节",
            "date": "2018-10-01",
            "isOffDay": true
        },
        {
            "name": "国庆节",
            "date": "2018-10-02",
            "isOffDay": true
        },
        {
            "name": "国庆节",
            "date": "2018-10-03",
            "isOffDay": true
        },
        {
            "name": "国庆节",
            "date": "2018-10-04",
            "isOffDay": true
        },
        {
            "name": "国庆节",
            "date": "2018-10-05",
            "isOffDay": true
        },
        {
            "name": "国庆节",
            "date": "2018-10-06",
            "isOffDay": true
        },
        {
            "name": "国庆节",
            "date": "2018-10-07",
            "isOffDay": true
        }
    ]
}